Afghanistan,Namibia
Afghanistan,Nauru
Afghanistan,Nepal
Afghanistan,Netherlands
Afghanistan,New Zealand
Afghanistan,Nicaragua
Afghanistan,Niger
Afghanistan,Nigeria
Afghanistan,North Korea
Afghanistan,North Macedonia
Afghanistan,Norway
Albania,Afghanistan
Albania,Algeria
Albania,Andorra
Albania,Angola
Albania,Antigua and Barbuda
Albania,Argentina
Albania,Armenia
Albania,Australia
Albania,Austria
Albania,Azerbaijan
Algeria,Afghanistan
Algeria,Albania
Algeria,Andorra
Algeria,Angola
Algeria,Antigua and Barbuda
Algeria,Argentina
Algeria,Armenia
Algeria,Australia
Algeria,Austria
Algeria,Azerbaijan
Andorra,Afghanistan
Andorra,Albania
Andorra,Algeria
Andorra,Angola
Andorra,Antigua and Barbuda
Andorra,Argentina
Andorra,Armenia
Andorra,Australia
Andorra,Austria
Andorra,Azerbaijan
Angola,Afghanistan
Angola,Albania
Angola,Algeria
Angola,Andorra
Angola,Antigua and Barbuda
Angola,Argentina
Angola,Armenia
Angola,Australia
Angola,Austria
Angola,Azerbaijan
Antigua and Barbuda,Afghanistan
Antigua and Barbuda,Albania
Antigua and Barbuda,Algeria
Antigua and Barbuda,Andorra
Antigua and Barbuda,Angola
Antigua and Barbuda,Argentina
Antigua and Barbuda,Armenia
Antigua and Barbuda,Australia
Antigua and Barbuda,Austria
Antigua and Barbuda,Azerbaijan
Argentina,Afghanistan
Argentina,Albania
Argentina,Algeria
Argentina,Andorra
Argentina,Angola
Argentina,Antigua and Barbuda
Argentina,Armenia
Argentina,Australia
Argentina,Austria
Argentina,Azerbaijan
Armenia,Afghanistan
Armenia,Albania
Armenia,Algeria
Armenia,Andorra
Armenia,Angola
Armenia,Antigua and Barbuda
Armenia,Argentina
Armenia,Australia
Armenia,Austria
Armenia,Azerbaijan
Australia,Afghanistan
Australia,Albania
Australia,Algeria
Australia,Andorra
Australia,Angola
Australia,Antigua and Barbuda
Australia,Argentina
Australia,Armenia
Australia,Austria
Australia,Azerbaijan
Austria,Afghanistan
Austria,Albania
Austria,Algeria
Austria,Andorra
Austria,Angola
Austria,Antigua and Barbuda
Austria,Argentina
Austria,Armenia
Austria,Australia
Austria,Azerbaijan
Azerbaijan,Namibia
Azerbaijan,Nauru
Azerbaijan,Nepal
Azerbaijan,Netherlands
Azerbaijan,New Zealand
Azerbaijan,Nicaragua
Azerbaijan,Niger
Azerbaijan,Nigeria
Azerbaijan,North Korea
Azerbaijan,North Macedonia
Azerbaijan,Norway
Bahamas,Saint Kitts and Nevis
Bahamas,Saint Lucia
Bahamas,Saint Vincent and the Grenadines
Bahamas,Samoa
Bahamas,San Marino
Bahamas,Sao Tome and Principe
Bahamas,Saudi Arabia
Bahamas,Senegal
Bahamas,Serbia
Bahamas,Seychelles
Bahamas,Sierra Leone
Bahamas,Singapore
Bahamas,Slovakia
Bahamas,Slovenia
Bahamas,Solomon Islands
Bahamas,Somalia
Bahamas,South Africa
Bahamas,South Sudan
Bahamas,Spain
Bahamas,Sri Lanka
Bahamas,Sudan
Bahamas,Suriname
Bahamas,Sweden
Bahamas,Switzerland
Bahamas,Syria
Bahrain,Namibia
Bahrain,Nauru
Bahrain,Nepal
Bahrain,Netherlands
Bahrain,New Zealand
Bahrain,Nicaragua
Bahrain,Niger
Bahrain,Nigeria
Bahrain,North Korea
Bahrain,North Macedonia
Bahrain,Norway
Bangladesh,Haiti
Bangladesh,Honduras
Bangladesh,Hungary
Barbados,Saint Kitts and Nevis
Barbados,Saint Lucia
Barbados,Saint Vincent and the Grenadines
Barbados,Samoa
Barbados,San Marino
Barbados,Sao Tome and Principe
Barbados,Saudi Arabia
Barbados,Senegal
Barbados,Serbia
Barbados,Seychelles
Barbados,Sierra Leone
Barbados,Singapore
Barbados,Slovakia
Barbados,Slovenia
Barbados,Solomon Islands
Barbados,Somalia
Barbados,South Africa
Barbados,South Sudan
Barbados,Spain
Barbados,Sri Lanka
Barbados,Sudan
Barbados,Suriname
Barbados,Sweden
Barbados,Switzerland
Barbados,Syria
Belarus,Saint Kitts and Nevis
Belarus,Saint Lucia
Belarus,Saint Vincent and the Grenadines
Belarus,Samoa
Belarus,San Marino
Belarus,Sao Tome and Principe
Belarus,Saudi Arabia
Belarus,Senegal
Belarus,Serbia
Belarus,Seychelles
Belarus,Sierra Leone
Belarus,Singapore
Belarus,Slovakia
Belarus,Slovenia
Belarus,Solomon Islands
Belarus,Somalia
Belarus,South Africa
Belarus,South Sudan
Belarus,Spain
Belarus,Sri Lanka
Belarus,Sudan
Belarus,Suriname
Belarus,Sweden
Belarus,Switzerland
Belarus,Syria
Belgium,Madagascar
Belgium,Malawi
Belgium,Malaysia
Belgium,Maldives
Belgium,Mali
Belgium,Malta
Belgium,Marshall Islands
Belgium,Mauritania
Belgium,Mauritius
Belgium,Mexico
Belgium,Micronesia
Belgium,Moldova
Belgium,Monaco
Belgium,Mongolia
Belgium,Montenegro
Belgium,Morocco
Belgium,Mozambique
Belgium,Myanmar
Belize,Ecuador
Belize,Egypt
Belize,El Salvador
Belize,Equatorial Guinea
Belize,Eritrea
Belize,Estonia
Belize,Eswatini
Belize,Ethiopia
Benin,Namibia
Benin,Nauru
Benin,Nepal
Benin,Netherlands
Benin,New Zealand
Benin,Nicaragua
Benin,Niger
Benin,Nigeria
Benin,North Korea
Benin,North Macedonia
Benin,Norway
Bhutan,Namibia
Bhutan,Nauru
Bhutan,Nepal
Bhutan,Netherlands
Bhutan,New Zealand
Bhutan,Nicaragua
Bhutan,Niger
Bhutan,Nigeria
Bhutan,North Korea
Bhutan,North Macedonia
Bhutan,Norway
Bolivia,Afghanistan
Bolivia,Albania
Bolivia,Algeria
Bolivia,Andorra
Bolivia,Angola
Bolivia,Antigua and Barbuda
Bolivia,Argentina
Bolivia,Armenia
Bolivia,Australia
Bolivia,Austria
Bolivia,Azerbaijan
Bosnia and Herzegovina,Afghanistan
Bosnia and Herzegovina,Albania
Bosnia and Herzegovina,Algeria
Bosnia and Herzegovina,Andorra
Bosnia and Herzegovina,Angola
Bosnia and Herzegovina,Antigua and Barbuda
Bosnia and Herzegovina,Argentina
Bosnia and Herzegovina,Armenia
Bosnia and Herzegovina,Australia
Bosnia and Herzegovina,Austria
Bosnia and Herzegovina,Azerbaijan
Botswana,Afghanistan
Botswana,Albania
Botswana,Algeria
Botswana,Andorra
Botswana,Angola
Botswana,Antigua and Barbuda
Botswana,Argentina
Botswana,Armenia
Botswana,Australia
Botswana,Austria
Botswana,Azerbaijan
Brazil,Laos
Brazil,Latvia
Brazil,Lebanon
Brazil,Lesotho
Brazil,Liberia
Brazil,Libya
Brazil,Liechtenstein
Brazil,Lithuania
Brazil,Luxembourg
Brunei,Iceland
Brunei,India
Brunei,Indonesia
Brunei,Iran
Brunei,Iraq
Brunei,Ireland
Brunei,Israel
Brunei,Italy
Bulgaria,Afghanistan
Bulgaria,Albania
Bulgaria,Algeria
Bulgaria,Andorra
Bulgaria,Angola
Bulgaria,Antigua and Barbuda
Bulgaria,Argentina
Bulgaria,Armenia
Bulgaria,Australia
Bulgaria,Austria
Bulgaria,Azerbaijan
Burkina Faso,Oman
Burundi,Iceland
Burundi,India
Burundi,Indonesia
Burundi,Iran
Burundi,Iraq
Burundi,Ireland
Burundi,Israel
Burundi,Italy
Cabo Verde,Ecuador
Cabo Verde,Egypt
Cabo Verde,El Salvador
Cabo Verde,Equatorial Guinea
Cabo Verde,Eritrea
Cabo Verde,Estonia
Cabo Verde,Eswatini
Cabo Verde,Ethiopia
Cambodia,Afghanistan
Cambodia,Albania
Cambodia,Algeria
Cambodia,Andorra
Cambodia,Angola
Cambodia,Antigua and Barbuda
Cambodia,Argentina
Cambodia,Armenia
Cambodia,Australia
Cambodia,Austria
Cambodia,Azerbaijan
Cameroon,Namibia
Cameroon,Nauru
Cameroon,Nepal
Cameroon,Netherlands
Cameroon,New Zealand
Cameroon,Nicaragua
Cameroon,Niger
Cameroon,Nigeria
Cameroon,North Korea
Cameroon,North Macedonia
Cameroon,Norway
Canada,Afghanistan
Canada,Albania
Canada,Algeria
Canada,Andorra
Canada,Angola
Canada,Antigua and Barbuda
Canada,Argentina
Canada,Armenia
Canada,Australia
Canada,Austria
Canada,Azerbaijan
Central African Republic,Cabo Verde
Central African Republic,Cambodia
Central African Republic,Cameroon
Central African Republic,Canada
Central African Republic,Chad
Central African Republic,Chile
Central African Republic,China
Central African Republic,Colombia
Central African Republic,Comoros
Central African Republic,Congo
Central African Republic,Costa Rica
Central African Republic,Croatia
Central African Republic,Cuba
Central African Republic,Cyprus
Central African Republic,Czechia
Chad,Democratic Republic of the Congo
Chad,Denmark
Chad,Djibouti
Chad,Dominica
Chad,Dominican Republic
Chile,Ecuador
Chile,Egypt
Chile,El Salvador
Chile,Equatorial Guinea
Chile,Eritrea
Chile,Estonia
Chile,Eswatini
Chile,Ethiopia
China,Afghanistan
China,Albania
China,Algeria
China,Andorra
China,Angola
China,Antigua and Barbuda
China,Argentina
China,Armenia
China,Australia
China,Austria
China,Azerbaijan
Colombia,Afghanistan
Colombia,Albania
Colombia,Algeria
Colombia,Andorra
Colombia,Angola
Colombia,Antigua and Barbuda
Colombia,Argentina
Colombia,Armenia
Colombia,Australia
Colombia,Austria
Colombia,Azerbaijan
Comoros,Saint Kitts and Nevis
Comoros,Saint Lucia
Comoros,Saint Vincent and the Grenadines
Comoros,Samoa
Comoros,San Marino
Comoros,Sao Tome and Principe
Comoros,Saudi Arabia
Comoros,Senegal
Comoros,Serbia
Comoros,Seychelles
Comoros,Sierra Leone
Comoros,Singapore
Comoros,Slovakia
Comoros,Slovenia
Comoros,Solomon Islands
Comoros,Somalia
Comoros,South Africa
Comoros,South Sudan
Comoros,Spain
Comoros,Sri Lanka
Comoros,Sudan
Comoros,Suriname
Comoros,Sweden
Comoros,Switzerland
Comoros,Syria
Congo,Oman
Democratic Republic of the Congo,Oman
Costa Rica,Afghanistan
Costa Rica,Albania
Costa Rica,Algeria
Costa Rica,Andorra
Costa Rica,Angola
Costa Rica,Antigua and Barbuda
Costa Rica,Argentina
Costa Rica,Armenia
Costa Rica,Australia
Costa Rica,Austria
Costa Rica,Azerbaijan
Croatia,Afghanistan
Croatia,Albania
Croatia,Algeria
Croatia,Andorra
Croatia,Angola
Croatia,Antigua and Barbuda
Croatia,Argentina
Croatia,Armenia
Croatia,Australia
Croatia,Austria
Croatia,Azerbaijan
Cuba,Afghanistan
Cuba,Albania
Cuba,Algeria
Cuba,Andorra
Cuba,Angola
Cuba,Antigua and Barbuda
Cuba,Argentina
Cuba,Armenia
Cuba,Australia
Cuba,Austria
Cuba,Azerbaijan
Cyprus,Saint Kitts and Nevis
Cyprus,Saint Lucia
Cyprus,Saint Vincent and the Grenadines
Cyprus,Samoa
Cyprus,San Marino
Cyprus,Sao Tome and Principe
Cyprus,Saudi Arabia
Cyprus,Senegal
Cyprus,Serbia
Cyprus,Seychelles
Cyprus,Sierra Leone
Cyprus,Singapore
Cyprus,Slovakia
Cyprus,Slovenia
Cyprus,Solomon Islands
Cyprus,Somalia
Cyprus,South Africa
Cyprus,South Sudan
Cyprus,Spain
Cyprus,Sri Lanka
Cyprus,Sudan
Cyprus,Suriname
Cyprus,Sweden
Cyprus,Switzerland
Cyprus,Syria
Czechia,Afghanistan
Czechia,Albania
Czechia,Algeria
Czechia,Andorra
Czechia,Angola
Czechia,Antigua and Barbuda
Czechia,Argentina
Czechia,Armenia
Czechia,Australia
Czechia,Austria
Czechia,Azerbaijan
Denmark,Kazakhstan
Denmark,Kenya
Denmark,Kiribati
Denmark,Kuwait
Denmark,Kyrgyzstan
Djibouti,Iceland
Djibouti,India
Djibouti,Indonesia
Djibouti,Iran
Djibouti,Iraq
Djibouti,Ireland
Djibouti,Israel
Djibouti,Italy
Dominica,Afghanistan
Dominica,Albania
Dominica,Algeria
Dominica,Andorra
Dominica,Angola
Dominica,Antigua and Barbuda
Dominica,Argentina
Dominica,Armenia
Dominica,Australia
Dominica,Austria
Dominica,Azerbaijan
Dominican Republic,Cabo Verde
Dominican Republic,Cambodia
Dominican Republic,Cameroon
Dominican Republic,Canada
Dominican Republic,Central African Republic
Dominican Republic,Chad
Dominican Republic,Chile
Dominican Republic,China
Dominican Republic,Colombia
Dominican Republic,Comoros
Dominican Republic,Congo
Dominican Republic,Costa Rica
Dominican Republic,Croatia
Dominican Republic,Cuba
Dominican Republic,Cyprus
Dominican Republic,Czechia
Ecuador,Romania
Ecuador,Russia
Ecuador,Rwanda
Egypt,Taiwan
Egypt,Tajikistan
Egypt,Tanzania
Egypt,Thailand
Egypt,Timor-Leste
Egypt,Togo
Egypt,Tonga
Egypt,Trinidad and Tobago
Egypt,Tunisia
Egypt,Turkey
Egypt,Turkmenistan
Egypt,Tuvalu
El Salvador,Romania
El Salvador,Russia
El Salvador,Rwanda
Equatorial Guinea,Afghanistan
Equatorial Guinea,Albania
Equatorial Guinea,Algeria
Equatorial Guinea,Andorra
Equatorial Guinea,Angola
Equatorial Guinea,Antigua and Barbuda
Equatorial Guinea,Argentina
Equatorial Guinea,Armenia
Equatorial Guinea,Australia
Equatorial Guinea,Austria
Equatorial Guinea,Azerbaijan
Eritrea,Afghanistan
Eritrea,Albania
Eritrea,Algeria
Eritrea,Andorra
Eritrea,Angola
Eritrea,Antigua and Barbuda
Eritrea,Argentina
Eritrea,Armenia
Eritrea,Australia
Eritrea,Austria
Eritrea,Azerbaijan
Estonia,Afghanistan
Estonia,Albania
Estonia,Algeria
Estonia,Andorra
Estonia,Angola
Estonia,Antigua and Barbuda
Estonia,Argentina
Estonia,Armenia
Estonia,Australia
Estonia,Austria
Estonia,Azerbaijan
Eswatini,Iceland
Eswatini,India
Eswatini,Indonesia
Eswatini,Iran
Eswatini,Iraq
Eswatini,Ireland
Eswatini,Israel
Eswatini,Italy
Ethiopia,Afghanistan
Ethiopia,Albania
Ethiopia,Algeria
Ethiopia,Andorra
Ethiopia,Angola
Ethiopia,Antigua and Barbuda
Ethiopia,Argentina
Ethiopia,Armenia
Ethiopia,Australia
Ethiopia,Austria
Ethiopia,Azerbaijan
Fiji,Iceland
Fiji,India
Fiji,Indonesia
Fiji,Iran
Fiji,Iraq
Fiji,Ireland
Fiji,Israel
Fiji,Italy
Finland,Democratic Republic of the Congo
Finland,Denmark
Finland,Djibouti
Finland,Dominica
Finland,Dominican Republic
France,Ecuador
France,Egypt
France,El Salvador
France,Equatorial Guinea
France,Eritrea
France,Estonia
France,Eswatini
France,Ethiopia
Gabon,Namibia
Gabon,Nauru
Gabon,Nepal
Gabon,Netherlands
Gabon,New Zealand
Gabon,Nicaragua
Gabon,Niger
Gabon,Nigeria
Gabon,North Korea
Gabon,North Macedonia
Gabon,Norway
Gambia,Afghanistan
Gambia,Albania
Gambia,Algeria
Gambia,Andorra
Gambia,Angola
Gambia,Antigua and Barbuda
Gambia,Argentina
Gambia,Armenia
Gambia,Australia
Gambia,Austria
Gambia,Azerbaijan
Georgia,Afghanistan
Georgia,Albania
Georgia,Algeria
Georgia,Andorra
Georgia,Angola
Georgia,Antigua and Barbuda
Georgia,Argentina
Georgia,Armenia
Georgia,Australia
Georgia,Austria
Georgia,Azerbaijan
Germany,Yemen
Ghana,Afghanistan
Ghana,Albania
Ghana,Algeria
Ghana,Andorra
Ghana,Angola
Ghana,Antigua and Barbuda
Ghana,Argentina
Ghana,Armenia
Ghana,Australia
Ghana,Austria
Ghana,Azerbaijan
Greece,Ecuador
Greece,Egypt
Greece,El Salvador
Greece,Equatorial Guinea
Greece,Eritrea
Greece,Estonia
Greece,Eswatini
Greece,Ethiopia
Grenada,Afghanistan
Grenada,Albania
Grenada,Algeria
Grenada,Andorra
Grenada,Angola
Grenada,Antigua and Barbuda
Grenada,Argentina
Grenada,Armenia
Grenada,Australia
Grenada,Austria
Grenada,Azerbaijan
Guatemala,Afghanistan
Guatemala,Albania
Guatemala,Algeria
Guatemala,Andorra
Guatemala,Angola
Guatemala,Antigua and Barbuda
Guatemala,Argentina
Guatemala,Armenia
Guatemala,Australia
Guatemala,Austria
Guatemala,Azerbaijan
Guinea,Afghanistan
Guinea,Albania
Guinea,Algeria
Guinea,Andorra
Guinea,Angola
Guinea,Antigua and Barbuda
Guinea,Argentina
Guinea,Armenia
Guinea,Australia
Guinea,Austria
Guinea,Azerbaijan
Guinea-Bissau,Uganda
Guinea-Bissau,Ukraine
Guinea-Bissau,United Arab Emirates
Guinea-Bissau,United Kingdom
Guinea-Bissau,United States
Guinea-Bissau,Uruguay
Guinea-Bissau,Uzbekistan
Guyana,Afghanistan
Guyana,Albania
Guyana,Algeria
Guyana,Andorra
Guyana,Angola
Guyana,Antigua and Barbuda
Guyana,Argentina
Guyana,Armenia
Guyana,Australia
Guyana,Austria
Guyana,Azerbaijan
Haiti,Iceland
Haiti,India
Haiti,Indonesia
Haiti,Iran
Haiti,Iraq
Haiti,Ireland
Haiti,Israel
Haiti,Italy
Honduras,Saint Kitts and Nevis
Honduras,Saint Lucia
Honduras,Saint Vincent and the Grenadines
Honduras,Samoa
Honduras,San Marino
Honduras,Sao Tome and Principe
Honduras,Saudi Arabia
Honduras,Senegal
Honduras,Serbia
Honduras,Seychelles
Honduras,Sierra Leone
Honduras,Singapore
Honduras,Slovakia
Honduras,Slovenia
Honduras,Solomon Islands
Honduras,Somalia
Honduras,South Africa
Honduras,South Sudan
Honduras,Spain
Honduras,Sri Lanka
Honduras,Sudan
Honduras,Suriname
Honduras,Sweden
Honduras,Switzerland
Honduras,Syria
Hungary,Yemen
Iceland,Democratic Republic of the Congo
Iceland,Denmark
Iceland,Djibouti
Iceland,Dominica
Iceland,Dominican Republic
India,Afghanistan
India,Albania
India,Algeria
India,Andorra
India,Angola
India,Antigua and Barbuda
India,Argentina
India,Armenia
India,Australia
India,Austria
India,Azerbaijan
Indonesia,Afghanistan
Indonesia,Albania
Indonesia,Algeria
Indonesia,Andorra
Indonesia,Angola
Indonesia,Antigua and Barbuda
Indonesia,Argentina
Indonesia,Armenia
Indonesia,Australia
Indonesia,Austria
Indonesia,Azerbaijan
Iran,Namibia
Iran,Nauru
Iran,Nepal
Iran,Netherlands
Iran,New Zealand
Iran,Nicaragua
Iran,Niger
Iran,Nigeria
Iran,North Korea
Iran,North Macedonia
Iran,Norway
Iraq,Qatar
Ireland,Democratic Republic of the Congo
Ireland,Denmark
Ireland,Djibouti
Ireland,Dominica
Ireland,Dominican Republic
Israel,Laos
Israel,Latvia
Israel,Lebanon
Israel,Lesotho
Israel,Liberia
Israel,Libya
Israel,Liechtenstein
Israel,Lithuania
Israel,Luxembourg
Italy,Yemen
Jamaica,Afghanistan
Jamaica,Albania
Jamaica,Algeria
Jamaica,Andorra
Jamaica,Angola
Jamaica,Antigua and Barbuda
Jamaica,Argentina
Jamaica,Armenia
Jamaica,Australia
Jamaica,Austria
Jamaica,Azerbaijan
Japan,Namibia
Japan,Nauru
Japan,Nepal
Japan,Netherlands
Japan,New Zealand
Japan,Nicaragua
Japan,Niger
Japan,Nigeria
Japan,North Korea
Japan,North Macedonia
Japan,Norway
Jordan,Namibia
Jordan,Nauru
Jordan,Nepal
Jordan,Netherlands
Jordan,New Zealand
Jordan,Nicaragua
Jordan,Niger
Jordan,Nigeria
Jordan,North Korea
Jordan,North Macedonia
Jordan,Norway
Kazakhstan,Namibia
Kazakhstan,Nauru
Kazakhstan,Nepal
Kazakhstan,Netherlands
Kazakhstan,New Zealand
Kazakhstan,Nicaragua
Kazakhstan,Niger
Kazakhstan,Nigeria
Kazakhstan,North Korea
Kazakhstan,North Macedonia
Kazakhstan,Norway
Kenya,Afghanistan
Kenya,Albania
Kenya,Algeria
Kenya,Andorra
Kenya,Angola
Kenya,Antigua and Barbuda
Kenya,Argentina
Kenya,Armenia
Kenya,Australia
Kenya,Austria
Kenya,Azerbaijan
Kiribati,Iceland
Kiribati,India
Kiribati,Indonesia
Kiribati,Iran
Kiribati,Iraq
Kiribati,Ireland
Kiribati,Israel
Kiribati,Italy
Kuwait,Taiwan
Kuwait,Tajikistan
Kuwait,Tanzania
Kuwait,Thailand
Kuwait,Timor-Leste
Kuwait,Togo
Kuwait,Tonga
Kuwait,Trinidad and Tobago
Kuwait,Tunisia
Kuwait,Turkey
Kuwait,Turkmenistan
Kuwait,Tuvalu
Kyrgyzstan,Namibia
Kyrgyzstan,Nauru
Kyrgyzstan,Nepal
Kyrgyzstan,Netherlands
Kyrgyzstan,New Zealand
Kyrgyzstan,Nicaragua
Kyrgyzstan,Niger
Kyrgyzstan,Nigeria
Kyrgyzstan,North Korea
Kyrgyzstan,North Macedonia
Kyrgyzstan,Norway
Laos,Saint Kitts and Nevis
Laos,Saint Lucia
Laos,Saint Vincent and the Grenadines
Laos,Samoa
Laos,San Marino
Laos,Sao Tome and Principe
Laos,Saudi Arabia
Laos,Senegal
Laos,Serbia
Laos,Seychelles
Laos,Sierra Leone
Laos,Singapore
Laos,Slovakia
Laos,Slovenia
Laos,Solomon Islands
Laos,Somalia
Laos,South Africa
Laos,South Sudan
Laos,Spain
Laos,Sri Lanka
Laos,Sudan
Laos,Suriname
Laos,Sweden
Laos,Switzerland
Laos,Syria
Latvia,Afghanistan
Latvia,Albania
Latvia,Algeria
Latvia,Andorra
Latvia,Angola
Latvia,Antigua and Barbuda
Latvia,Argentina
Latvia,Armenia
Latvia,Australia
Latvia,Austria
Latvia,Azerbaijan
Lebanon,Namibia
Lebanon,Nauru
Lebanon,Nepal
Lebanon,Netherlands
Lebanon,New Zealand
Lebanon,Nicaragua
Lebanon,Niger
Lebanon,Nigeria
Lebanon,North Korea
Lebanon,North Macedonia
Lebanon,Norway
Lesotho,Oman
Liberia,Afghanistan
Liberia,Albania
Liberia,Algeria
Liberia,Andorra
Liberia,Angola
Liberia,Antigua and Barbuda
Liberia,Argentina
Liberia,Armenia
Liberia,Australia
Liberia,Austria
Liberia,Azerbaijan
Libya,Afghanistan
Libya,Albania
Libya,Algeria
Libya,Andorra
Libya,Angola
Libya,Antigua and Barbuda
Libya,Argentina
Libya,Armenia
Libya,Australia
Libya,Austria
Libya,Azerbaijan
Liechtenstein,Namibia
Liechtenstein,Nauru
Liechtenstein,Nepal
Liechtenstein,Netherlands
Liechtenstein,New Zealand
Liechtenstein,Nicaragua
Liechtenstein,Niger
Liechtenstein,Nigeria
Liechtenstein,North Korea
Liechtenstein,North Macedonia
Liechtenstein,Norway
Lithuania,Afghanistan
Lithuania,Albania
Lithuania,Algeria
Lithuania,Andorra
Lithuania,Angola
Lithuania,Antigua and Barbuda
Lithuania,Argentina
Lithuania,Armenia
Lithuania,Australia
Lithuania,Austria
Lithuania,Azerbaijan
Luxembourg,Gabon
Luxembourg,Gambia
Luxembourg,Georgia
Luxembourg,Germany
Luxembourg,Ghana
Luxembourg,Greece
Luxembourg,Grenada
Luxembourg,Guatemala
Luxembourg,Guinea
Luxembourg,Guinea-Bissau
Luxembourg,Guyana
Madagascar,Romania
Madagascar,Russia
Madagascar,Rwanda
Malawi,Iceland
Malawi,India
Malawi,Indonesia
Malawi,Iran
Malawi,Iraq
Malawi,Ireland
Malawi,Israel
Malawi,Italy
Malaysia,Afghanistan
Malaysia,Albania
Malaysia,Algeria
Malaysia,Andorra
Malaysia,Angola
Malaysia,Antigua and Barbuda
Malaysia,Argentina
Malaysia,Armenia
Malaysia,Australia
Malaysia,Austria
Malaysia,Azerbaijan
Maldives,Saint Kitts and Nevis
Maldives,Saint Lucia
Maldives,Saint Vincent and the Grenadines
Maldives,Samoa
Maldives,San Marino
Maldives,Sao Tome and Principe
Maldives,Saudi Arabia
Maldives,Senegal
Maldives,Serbia
Maldives,Seychelles
Maldives,Sierra Leone
Maldives,Singapore
Maldives,Slovakia
Maldives,Slovenia
Maldives,Solomon Islands
Maldives,Somalia
Maldives,South Africa
Maldives,South Sudan
Maldives,Spain
Maldives,Sri Lanka
Maldives,Sudan
Maldives,Suriname
Maldives,Sweden
Maldives,Switzerland
Maldives,Syria
Mali,Iceland
Mali,India
Mali,Indonesia
Mali,Iran
Mali,Iraq
Mali,Ireland
Mali,Israel
Mali,Italy
Malta,Afghanistan
Malta,Albania
Malta,Algeria
Malta,Andorra
Malta,Angola
Malta,Antigua and Barbuda
Malta,Argentina
Malta,Armenia
Malta,Australia
Malta,Austria
Malta,Azerbaijan
Marshall Islands,Saint Kitts and Nevis
Marshall Islands,Saint Lucia
Marshall Islands,Saint Vincent and the Grenadines
Marshall Islands,Samoa
Marshall Islands,San Marino
Marshall Islands,Sao Tome and Principe
Marshall Islands,Saudi Arabia
Marshall Islands,Senegal
Marshall Islands,Serbia
Marshall Islands,Seychelles
Marshall Islands,Sierra Leone
Marshall Islands,Singapore
Marshall Islands,Slovakia
Marshall Islands,Slovenia
Marshall Islands,Solomon Islands
Marshall Islands,Somalia
Marshall Islands,South Africa
Marshall Islands,South Sudan
Marshall Islands,Spain
Marshall Islands,Sri Lanka
Marshall Islands,Sudan
Marshall Islands,Suriname
Marshall Islands,Sweden
Marshall Islands,Switzerland
Marshall Islands,Syria
Mauritania,Afghanistan
Mauritania,Albania
Mauritania,Algeria
Mauritania,Andorra
Mauritania,Angola
Mauritania,Antigua and Barbuda
Mauritania,Argentina
Mauritania,Armenia
Mauritania,Australia
Mauritania,Austria
Mauritania,Azerbaijan
Mauritius,Saint Kitts and Nevis
Mauritius,Saint Lucia
Mauritius,Saint Vincent and the Grenadines
Mauritius,Samoa
Mauritius,San Marino
Mauritius,Sao Tome and Principe
Mauritius,Saudi Arabia
Mauritius,Senegal
Mauritius,Serbia
Mauritius,Seychelles
Mauritius,Sierra Leone
Mauritius,Singapore
Mauritius,Slovakia
Mauritius,Slovenia
Mauritius,Solomon Islands
Mauritius,Somalia
Mauritius,South Africa
Mauritius,South Sudan
Mauritius,Spain
Mauritius,Sri Lanka
Mauritius,Sudan
Mauritius,Suriname
Mauritius,Sweden
Mauritius,Switzerland
Mauritius,Syria
Mexico,Oman
Micronesia,Afghanistan
Micronesia,Albania
Micronesia,Algeria
Micronesia,Andorra
Micronesia,Angola
Micronesia,Antigua and Barbuda
Micronesia,Argentina
Micronesia,Armenia
Micronesia,Australia
Micronesia,Austria
Micronesia,Azerbaijan
Moldova,Afghanistan
Moldova,Albania
Moldova,Algeria
Moldova,Andorra
Moldova,Angola
Moldova,Antigua and Barbuda
Moldova,Argentina
Moldova,Armenia
Moldova,Australia
Moldova,Austria
Moldova,Azerbaijan
Monaco,Oman
Mongolia,Afghanistan
Mongolia,Albania
Mongolia,Algeria
Mongolia,Andorra
Mongolia,Angola
Mongolia,Antigua and Barbuda
Mongolia,Argentina
Mongolia,Armenia
Mongolia,Australia
Mongolia,Austria
Mongolia,Azerbaijan
Montenegro,Oman
Morocco,Oman
Mozambique,Ecuador
Mozambique,Egypt
Mozambique,El Salvador
Mozambique,Equatorial Guinea
Mozambique,Eritrea
Mozambique,Estonia
Mozambique,Eswatini
Mozambique,Ethiopia
Myanmar,Romania
Myanmar,Russia
Myanmar,Rwanda
Namibia,Afghanistan
Namibia,Albania
Namibia,Algeria
Namibia,Andorra
Namibia,Angola
Namibia,Antigua and Barbuda
Namibia,Argentina
Namibia,Armenia
Namibia,Australia
Namibia,Austria
Namibia,Azerbaijan
Nauru,Uganda
Nauru,Ukraine
Nauru,United Arab Emirates
Nauru,United Kingdom
Nauru,United States
Nauru,Uruguay
Nauru,Uzbekistan
Nepal,Laos
Nepal,Latvia
Nepal,Lebanon
Nepal,Lesotho
Nepal,Liberia
Nepal,Libya
Nepal,Liechtenstein
Nepal,Lithuania
Nepal,Luxembourg
Netherlands,Saint Kitts and Nevis
Netherlands,Saint Lucia
Netherlands,Saint Vincent and the Grenadines
Netherlands,Samoa
Netherlands,San Marino
Netherlands,Sao Tome and Principe
Netherlands,Saudi Arabia
Netherlands,Senegal
Netherlands,Serbia
Netherlands,Seychelles
Netherlands,Sierra Leone
Netherlands,Singapore
Netherlands,Slovakia
Netherlands,Slovenia
Netherlands,Solomon Islands
Netherlands,Somalia
Netherlands,South Africa
Netherlands,South Sudan
Netherlands,Spain
Netherlands,Sri Lanka
Netherlands,Sudan
Netherlands,Suriname
Netherlands,Sweden
Netherlands,Switzerland
Netherlands,Syria
New Zealand,Democratic Republic of the Congo
New Zealand,Denmark
New Zealand,Djibouti
New Zealand,Dominica
New Zealand,Dominican Republic
Nicaragua,Afghanistan
Nicaragua,Albania
Nicaragua,Algeria
Nicaragua,Andorra
Nicaragua,Angola
Nicaragua,Antigua and Barbuda
Nicaragua,Argentina
Nicaragua,Armenia
Nicaragua,Australia
Nicaragua,Austria
Nicaragua,Azerbaijan
Niger,Romania
Niger,Russia
Niger,Rwanda
Nigeria,Afghanistan
Nigeria,Albania
Nigeria,Algeria
Nigeria,Andorra
Nigeria,Angola
Nigeria,Antigua and Barbuda
Nigeria,Argentina
Nigeria,Armenia
Nigeria,Australia
Nigeria,Austria
Nigeria,Azerbaijan
North Korea,Afghanistan
North Korea,Albania
North Korea,Algeria
North Korea,Andorra
North Korea,Angola
North Korea,Antigua and Barbuda
North Korea,Argentina
North Korea,Armenia
North Korea,Australia
North Korea,Austria
North Korea,Azerbaijan
North Macedonia,Afghanistan
North Macedonia,Albania
North Macedonia,Algeria
North Macedonia,Andorra
North Macedonia,Angola
North Macedonia,Antigua and Barbuda
North Macedonia,Argentina
North Macedonia,Armenia
North Macedonia,Australia
North Macedonia,Austria
North Macedonia,Azerbaijan
Norway,Yemen
Oman,Namibia
Oman,Nauru
Oman,Nepal
Oman,Netherlands
Oman,New Zealand
Oman,Nicaragua
Oman,Niger
Oman,Nigeria
Oman,North Korea
Oman,North Macedonia
Oman,Norway
Pakistan,Namibia
Pakistan,Nauru
Pakistan,Nepal
Pakistan,Netherlands
Pakistan,New Zealand
Pakistan,Nicaragua
Pakistan,Niger
Pakistan,Nigeria
Pakistan,North Korea
Pakistan,North Macedonia
Pakistan,Norway
Palau,Uganda
Palau,Ukraine
Palau,United Arab Emirates
Palau,United Kingdom
Palau,United States
Palau,Uruguay
Palau,Uzbekistan
Panama,Afghanistan
Panama,Albania
Panama,Algeria
Panama,Andorra
Panama,Angola
Panama,Antigua and Barbuda
Panama,Argentina
Panama,Armenia
Panama,Australia
Panama,Austria
Panama,Azerbaijan
Papua New Guinea,Afghanistan
Papua New Guinea,Albania
Papua New Guinea,Algeria
Papua New Guinea,Andorra
Papua New Guinea,Angola
Papua New Guinea,Antigua and Barbuda
Papua New Guinea,Argentina
Papua New Guinea,Armenia
Papua New Guinea,Australia
Papua New Guinea,Austria
Papua New Guinea,Azerbaijan
Paraguay,Yemen
Peru,Uganda
Peru,Ukraine
Peru,United Arab Emirates
Peru,United Kingdom
Peru,United States
Peru,Uruguay
Peru,Uzbekistan
Philippines,Saint Kitts and Nevis
Philippines,Saint Lucia
Philippines,Saint Vincent and the Grenadines
Philippines,Samoa
Philippines,San Marino
Philippines,Sao Tome and Principe
Philippines,Saudi Arabia
Philippines,Senegal
Philippines,Serbia
Philippines,Seychelles
Philippines,Sierra Leone
Philippines,Singapore
Philippines,Slovakia
Philippines,Slovenia
Philippines,Solomon Islands
Philippines,Somalia
Philippines,South Africa
Philippines,South Sudan
Philippines,Spain
Philippines,Sri Lanka
Philippines,Sudan
Philippines,Suriname
Philippines,Sweden
Philippines,Switzerland
Philippines,Syria
Poland,Democratic Republic of the Congo
Poland,Denmark
Poland,Djibouti
Poland,Dominica
Poland,Dominican Republic
Portugal,Laos
Portugal,Latvia
Portugal,Lebanon
Portugal,Lesotho
Portugal,Liberia
Portugal,Libya
Portugal,Liechtenstein
Portugal,Lithuania
Portugal,Luxembourg
Qatar,Romania
Qatar,Russia
Qatar,Rwanda
Romania,Afghanistan
Romania,Albania
Romania,Algeria
Romania,Andorra
Romania,Angola
Romania,Antigua and Barbuda
Romania,Argentina
Romania,Armenia
Romania,Australia
Romania,Austria
Romania,Azerbaijan
Russia,Afghanistan
Russia,Albania
Russia,Algeria
Russia,Andorra
Russia,Angola
Russia,Antigua and Barbuda
Russia,Argentina
Russia,Armenia
Russia,Australia
Russia,Austria
Russia,Azerbaijan
Rwanda,Afghanistan
Rwanda,Albania
Rwanda,Algeria
Rwanda,Andorra
Rwanda,Angola
Rwanda,Antigua and Barbuda
Rwanda,Argentina
Rwanda,Armenia
Rwanda,Australia
Rwanda,Austria
Rwanda,Azerbaijan
Saint Kitts and Nevis,Saint Lucia
Saint Kitts and Nevis,Saint Vincent and the Grenadines
Saint Kitts and Nevis,Samoa
Saint Kitts and Nevis,San Marino
Saint Kitts and Nevis,Sao Tome and Principe
Saint Kitts and Nevis,Saudi Arabia
Saint Kitts and Nevis,Senegal
Saint Kitts and Nevis,Serbia
Saint Kitts and Nevis,Seychelles
Saint Kitts and Nevis,Sierra Leone
Saint Kitts and Nevis,Singapore
Saint Kitts and Nevis,Slovakia
Saint Kitts and Nevis,Slovenia
Saint Kitts and Nevis,Solomon Islands
Saint Kitts and Nevis,Somalia
Saint Kitts and Nevis,South Africa
Saint Kitts and Nevis,South Sudan
Saint Kitts and Nevis,Spain
Saint Kitts and Nevis,Sri Lanka
Saint Kitts and Nevis,Sudan
Saint Kitts and Nevis,Suriname
Saint Kitts and Nevis,Sweden
Saint Kitts and Nevis,Switzerland
Saint Kitts and Nevis,Syria
Saint Lucia,Afghanistan
Saint Lucia,Albania
Saint Lucia,Algeria
Saint Lucia,Andorra
Saint Lucia,Angola
Saint Lucia,Antigua and Barbuda
Saint Lucia,Argentina
Saint Lucia,Armenia
Saint Lucia,Australia
Saint Lucia,Austria
Saint Lucia,Azerbaijan
Saint Vincent and the Grenadines,Saint Kitts and Nevis
Saint Vincent and the Grenadines,Saint Lucia
Saint Vincent and the Grenadines,Samoa
Saint Vincent and the Grenadines,San Marino
Saint Vincent and the Grenadines,Sao Tome and Principe
Saint Vincent and the Grenadines,Saudi Arabia
Saint Vincent and the Grenadines,Senegal
Saint Vincent and the Grenadines,Serbia
Saint Vincent and the Grenadines,Seychelles
Saint Vincent and the Grenadines,Sierra Leone
Saint Vincent and the Grenadines,Singapore
Saint Vincent and the Grenadines,Slovakia
Saint Vincent and the Grenadines,Slovenia
Saint Vincent and the Grenadines,Solomon Islands
Saint Vincent and the Grenadines,Somalia
Saint Vincent and the Grenadines,South Africa
Saint Vincent and the Grenadines,South Sudan
Saint Vincent and the Grenadines,Spain
Saint Vincent and the Grenadines,Sri Lanka
Saint Vincent and the Grenadines,Sudan
Saint Vincent and the Grenadines,Suriname
Saint Vincent and the Grenadines,Sweden
Saint Vincent and the Grenadines,Switzerland
Saint Vincent and the Grenadines,Syria
Samoa,Afghanistan
Samoa,Albania
Samoa,Algeria
Samoa,Andorra
Samoa,Angola
Samoa,Antigua and Barbuda
Samoa,Argentina
Samoa,Armenia
Samoa,Australia
Samoa,Austria
Samoa,Azerbaijan
San Marino,Oman
Sao Tome and Principe,Ecuador
Sao Tome and Principe,Egypt
Sao Tome and Principe,El Salvador
Sao Tome and Principe,Equatorial Guinea
Sao Tome and Principe,Eritrea
Sao Tome and Principe,Estonia
Sao Tome and Principe,Eswatini
Sao Tome and Principe,Ethiopia
Saudi Arabia,Afghanistan
Saudi Arabia,Albania
Saudi Arabia,Algeria
Saudi Arabia,Andorra
Saudi Arabia,Angola
Saudi Arabia,Antigua and Barbuda
Saudi Arabia,Argentina
Saudi Arabia,Armenia
Saudi Arabia,Australia
Saudi Arabia,Austria
Saudi Arabia,Azerbaijan
Senegal,Laos
Senegal,Latvia
Senegal,Lebanon
Senegal,Lesotho
Senegal,Liberia
Senegal,Libya
Senegal,Liechtenstein
Senegal,Lithuania
Senegal,Luxembourg
Serbia,Afghanistan
Serbia,Albania
Serbia,Algeria
Serbia,Andorra
Serbia,Angola
Serbia,Antigua and Barbuda
Serbia,Argentina
Serbia,Armenia
Serbia,Australia
Serbia,Austria
Serbia,Azerbaijan
Seychelles,Saint Kitts and Nevis
Seychelles,Saint Lucia
Seychelles,Saint Vincent and the Grenadines
Seychelles,Samoa
Seychelles,San Marino
Seychelles,Sao Tome and Principe
Seychelles,Saudi Arabia
Seychelles,Senegal
Seychelles,Serbia
Seychelles,Sierra Leone
Seychelles,Singapore
Seychelles,Slovakia
Seychelles,Slovenia
Seychelles,Solomon Islands
Seychelles,Somalia
Seychelles,South Africa
Seychelles,South Sudan
Seychelles,Spain
Seychelles,Sri Lanka
Seychelles,Sudan
Seychelles,Suriname
Seychelles,Sweden
Seychelles,Switzerland
Seychelles,Syria
Sierra Leone,Ecuador
Sierra Leone,Egypt
Sierra Leone,El Salvador
Sierra Leone,Equatorial Guinea
Sierra Leone,Eritrea
Sierra Leone,Estonia
Sierra Leone,Eswatini
Sierra Leone,Ethiopia
Singapore,Ecuador
Singapore,Egypt
Singapore,El Salvador
Singapore,Equatorial Guinea
Singapore,Eritrea
Singapore,Estonia
Singapore,Eswatini
Singapore,Ethiopia
Slovakia,Afghanistan
Slovakia,Albania
Slovakia,Algeria
Slovakia,Andorra
Slovakia,Angola
Slovakia,Antigua and Barbuda
Slovakia,Argentina
Slovakia,Armenia
Slovakia,Australia
Slovakia,Austria
Slovakia,Azerbaijan
Slovenia,Afghanistan
Slovenia,Albania
Slovenia,Algeria
Slovenia,Andorra
Slovenia,Angola
Slovenia,Antigua and Barbuda
Slovenia,Argentina
Slovenia,Armenia
Slovenia,Australia
Slovenia,Austria
Slovenia,Azerbaijan
Solomon Islands,Saint Kitts and Nevis
Solomon Islands,Saint Lucia
Solomon Islands,Saint Vincent and the Grenadines
Solomon Islands,Samoa
Solomon Islands,San Marino
Solomon Islands,Sao Tome and Principe
Solomon Islands,Saudi Arabia
Solomon Islands,Senegal
Solomon Islands,Serbia
Solomon Islands,Seychelles
Solomon Islands,Sierra Leone
Solomon Islands,Singapore
Solomon Islands,Slovakia
Solomon Islands,Slovenia
Solomon Islands,Somalia
Solomon Islands,South Africa
Solomon Islands,South Sudan
Solomon Islands,Spain
Solomon Islands,Sri Lanka
Solomon Islands,Sudan
Solomon Islands,Suriname
Solomon Islands,Sweden
Solomon Islands,Switzerland
Solomon Islands,Syria
Somalia,Afghanistan
Somalia,Albania
Somalia,Algeria
Somalia,Andorra
Somalia,Angola
Somalia,Antigua and Barbuda
Somalia,Argentina
Somalia,Armenia
Somalia,Australia
Somalia,Austria
Somalia,Azerbaijan
South Africa,Afghanistan
South Africa,Albania
South Africa,Algeria
South Africa,Andorra
South Africa,Angola
South Africa,Antigua and Barbuda
South Africa,Argentina
South Africa,Armenia
South Africa,Australia
South Africa,Austria
South Africa,Azerbaijan
South Sudan,Namibia
South Sudan,Nauru
South Sudan,Nepal
South Sudan,Netherlands
South Sudan,New Zealand
South Sudan,Nicaragua
South Sudan,Niger
South Sudan,Nigeria
South Sudan,North Korea
South Sudan,North Macedonia
South Sudan,Norway
Spain,Namibia
Spain,Nauru
Spain,Nepal
Spain,Netherlands
Spain,New Zealand
Spain,Nicaragua
Spain,Niger
Spain,Nigeria
Spain,North Korea
Spain,North Macedonia
Spain,Norway
Sri Lanka,Afghanistan
Sri Lanka,Albania
Sri Lanka,Algeria
Sri Lanka,Andorra
Sri Lanka,Angola
Sri Lanka,Antigua and Barbuda
Sri Lanka,Argentina
Sri Lanka,Armenia
Sri Lanka,Australia
Sri Lanka,Austria
Sri Lanka,Azerbaijan
Sudan,Namibia
Sudan,Nauru
Sudan,Nepal
Sudan,Netherlands
Sudan,New Zealand
Sudan,Nicaragua
Sudan,Niger
Sudan,Nigeria
Sudan,North Korea
Sudan,North Macedonia
Sudan,Norway
Suriname,Ecuador
Suriname,Egypt
Suriname,El Salvador
Suriname,Equatorial Guinea
Suriname,Eritrea
Suriname,Estonia
Suriname,Eswatini
Suriname,Ethiopia
Sweden,Namibia
Sweden,Nauru
Sweden,Nepal
Sweden,Netherlands
Sweden,New Zealand
Sweden,Nicaragua
Sweden,Niger
Sweden,Nigeria
Sweden,North Korea
Sweden,North Macedonia
Sweden,Norway
Switzerland,Democratic Republic of the Congo
Switzerland,Denmark
Switzerland,Djibouti
Switzerland,Dominica
Switzerland,Dominican Republic
Syria,Afghanistan
Syria,Albania
Syria,Algeria
Syria,Andorra
Syria,Angola
Syria,Antigua and Barbuda
Syria,Argentina
Syria,Armenia
Syria,Australia
Syria,Austria
Syria,Azerbaijan
Taiwan,Namibia
Taiwan,Nauru
Taiwan,Nepal
Taiwan,Netherlands
Taiwan,New Zealand
Taiwan,Nicaragua
Taiwan,Niger
Taiwan,Nigeria
Taiwan,North Korea
Taiwan,North Macedonia
Taiwan,Norway
Tajikistan,Namibia
Tajikistan,Nauru
Tajikistan,Nepal
Tajikistan,Netherlands
Tajikistan,New Zealand
Tajikistan,Nicaragua
Tajikistan,Niger
Tajikistan,Nigeria
Tajikistan,North Korea
Tajikistan,North Macedonia
Tajikistan,Norway
Tanzania,Afghanistan
Tanzania,Albania
Tanzania,Algeria
Tanzania,Andorra
Tanzania,Angola
Tanzania,Antigua and Barbuda
Tanzania,Argentina
Tanzania,Armenia
Tanzania,Australia
Tanzania,Austria
Tanzania,Azerbaijan
Thailand,Democratic Republic of the Congo
Thailand,Denmark
Thailand,Djibouti
Thailand,Dominica
Thailand,Dominican Republic
Timor-Leste,Ecuador
Timor-Leste,Egypt
Timor-Leste,El Salvador
Timor-Leste,Equatorial Guinea
Timor-Leste,Eritrea
Timor-Leste,Estonia
Timor-Leste,Eswatini
Timor-Leste,Ethiopia
Togo,Oman
Tonga,Afghanistan
Tonga,Albania
Tonga,Algeria
Tonga,Andorra
Tonga,Angola
Tonga,Antigua and Barbuda
Tonga,Argentina
Tonga,Armenia
Tonga,Australia
Tonga,Austria
Tonga,Azerbaijan
Trinidad and Tobago,Oman
Tunisia,Afghanistan
Tunisia,Albania
Tunisia,Algeria
Tunisia,Andorra
Tunisia,Angola
Tunisia,Antigua and Barbuda
Tunisia,Argentina
Tunisia,Armenia
Tunisia,Australia
Tunisia,Austria
Tunisia,Azerbaijan
Turkey,Yemen
Turkmenistan,Namibia
Turkmenistan,Nauru
Turkmenistan,Nepal
Turkmenistan,Netherlands
Turkmenistan,New Zealand
Turkmenistan,Nicaragua
Turkmenistan,Niger
Turkmenistan,Nigeria
Turkmenistan,North Korea
Turkmenistan,North Macedonia
Turkmenistan,Norway
Tuvalu,Uganda
Tuvalu,Ukraine
Tuvalu,United Arab Emirates
Tuvalu,United Kingdom
Tuvalu,United States
Tuvalu,Uruguay
Tuvalu,Uzbekistan
Uganda,Afghanistan
Uganda,Albania
Uganda,Algeria
Uganda,Andorra
Uganda,Angola
Uganda,Antigua and Barbuda
Uganda,Argentina
Uganda,Armenia
Uganda,Australia
Uganda,Austria
Uganda,Azerbaijan
Ukraine,Ecuador
Ukraine,Egypt
Ukraine,El Salvador
Ukraine,Equatorial Guinea
Ukraine,Eritrea
Ukraine,Estonia
Ukraine,Eswatini
Ukraine,Ethiopia
United Arab Emirates,Saint Kitts and Nevis
United Arab Emirates,Saint Lucia
United Arab Emirates,Saint Vincent and the Grenadines
United Arab Emirates,Samoa
United Arab Emirates,San Marino
United Arab Emirates,Sao Tome and Principe
United Arab Emirates,Saudi Arabia
United Arab Emirates,Senegal
United Arab Emirates,Serbia
United Arab Emirates,Seychelles
United Arab Emirates,Sierra Leone
United Arab Emirates,Singapore
United Arab Emirates,Slovakia
United Arab Emirates,Slovenia
United Arab Emirates,Solomon Islands
United Arab Emirates,Somalia
United Arab Emirates,South Africa
United Arab Emirates,South Sudan
United Arab Emirates,Spain
United Arab Emirates,Sri Lanka
United Arab Emirates,Sudan
United Arab Emirates,Suriname
United Arab Emirates,Sweden
United Arab Emirates,Switzerland
United Arab Emirates,Syria
United Kingdom,Madagascar
United Kingdom,Malawi
United Kingdom,Malaysia
United Kingdom,Maldives
United Kingdom,Mali
United Kingdom,Malta
United Kingdom,Marshall Islands
United Kingdom,Mauritania
United Kingdom,Mauritius
United Kingdom,Mexico
United Kingdom,Micronesia
United Kingdom,Moldova
United Kingdom,Monaco
United Kingdom,Mongolia
United Kingdom,Montenegro
United Kingdom,Morocco
United Kingdom,Mozambique
United Kingdom,Myanmar
United States,Saint Kitts and Nevis
United States,Saint Lucia
United States,Saint Vincent and the Grenadines
United States,Samoa
United States,San Marino
United States,Sao Tome and Principe
United States,Saudi Arabia
United States,Senegal
United States,Serbia
United States,Seychelles
United States,Sierra Leone
United States,Singapore
United States,Slovakia
United States,Slovenia
United States,Solomon Islands
United States,Somalia
United States,South Africa
United States,South Sudan
United States,Spain
United States,Sri Lanka
United States,Sudan
United States,Suriname
United States,Sweden
United States,Switzerland
United States,Syria
Uruguay,Yemen
Uzbekistan,Namibia
Uzbekistan,Nauru
Uzbekistan,Nepal
Uzbekistan,Netherlands
Uzbekistan,New Zealand
Uzbekistan,Nicaragua
Uzbekistan,Niger
Uzbekistan,Nigeria
Uzbekistan,North Korea
Uzbekistan,North Macedonia
Uzbekistan,Norway
Vanuatu,Uganda
Vanuatu,Ukraine
Vanuatu,United Arab Emirates
Vanuatu,United Kingdom
Vanuatu,United States
Vanuatu,Uruguay
Vanuatu,Uzbekistan
Vatican City,Yemen
Venezuela,Afghanistan
Venezuela,Albania
Venezuela,Algeria
Venezuela,Andorra
Venezuela,Angola
Venezuela,Antigua and Barbuda
Venezuela,Argentina
Venezuela,Armenia
Venezuela,Australia
Venezuela,Austria
Venezuela,Azerbaijan
Vietnam,Madagascar
Vietnam,Malawi
Vietnam,Malaysia
Vietnam,Maldives
Vietnam,Mali
Vietnam,Malta
Vietnam,Marshall Islands
Vietnam,Mauritania
Vietnam,Mauritius
Vietnam,Mexico
Vietnam,Micronesia
Vietnam,Moldova
Vietnam,Monaco
Vietnam,Mongolia
Vietnam,Montenegro
Vietnam,Morocco
Vietnam,Mozambique
Vietnam,Myanmar
Yemen,Namibia
Yemen,Nauru
Yemen,Nepal
Yemen,Netherlands
Yemen,New Zealand
Yemen,Nicaragua
Yemen,Niger
Yemen,Nigeria
Yemen,North Korea
Yemen,North Macedonia
Yemen,Norway
Zambia,Afghanistan
Zambia,Albania
Zambia,Algeria
Zambia,Andorra
Zambia,Angola
Zambia,Antigua and Barbuda
Zambia,Argentina
Zambia,Armenia
Zambia,Australia
Zambia,Austria
Zambia,Azerbaijan
Zimbabwe,Ecuador
Zimbabwe,Egypt
Zimbabwe,El Salvador
Zimbabwe,Equatorial Guinea
Zimbabwe,Eritrea
Zimbabwe,Estonia
Zimbabwe,Eswatini
Zimbabwe,Ethiopia